name,price,shelledTotal,leftTotal
1058,Muscletech肌肉科技高性能增肌粉 7磅 香草味,¥ 349,市场价：¥527, 30天累计售出92件,库存: 88,矿物质和微量元素
1058,ON 欧普特蒙 金牌健肌粉 香草冰激凌味 5磅,¥ 369,市场价：¥799, 30天累计售出91件,库存: 7,矿物质和微量元素
1058,ON 欧普特蒙 金牌健肌粉 巧克力味 5磅,¥ 369,市场价：¥799, 30天累计售出91件,库存: 21,矿物质和微量元素
1058,Metrx美瑞克斯 乳清蛋白粉 5磅 巧克力味,¥ 410,市场价：¥829, 30天累计售出102件,库存: 21,矿物质和微量元素
1058,Muscletech肌肉科技白金乳清蛋白粉 5磅 香草味,¥ 430,市场价：¥430, 30天累计售出84件,库存: 38,矿物质和微量元素
1058,Allmax 奥麦斯乳清蛋白粉 5磅 巧克力口味,¥ 376,市场价：¥372, 30天累计售出46件,库存: 149,矿物质和微量元素
1058,Metrx美瑞克斯 乳清蛋白粉 5磅 香草味,¥ 410,市场价：¥599, 30天累计售出67件,库存: 33,矿物质和微量元素
1058,Muscletech肌肉科技正氮蛋白粉4磅牛奶巧克力味,¥ 379,市场价：¥598, 30天累计售出26件,库存: 133,矿物质和微量元素
1058,PipingRock 分离乳清零添加 544g,¥ 129,市场价：¥249, 30天累计售出44件,库存: 12,矿物质和微量元素
1058,BIOX-PREMIUM/百欧克斯 卓越系列 乳清蛋白粉5磅 香草味,¥ 471,市场价：¥998, 30天累计售出1005件,库存: 9,矿物质和微量元素
1058,Allmax奥麦斯 分离乳清蛋白粉 草莓味 5磅,¥ 598,市场价：¥598, 30天累计售出5件,库存: 101,矿物质和微量元素
1058,CPT康比特乳清蛋白（巧克力）2270g,¥ 462,市场价：¥798, 30天累计售出28件,库存: 91,矿物质和微量元素
1058,Muscletech肌肉科技 白金乳清蛋白粉 5磅 巧克力味,¥ 430,市场价：¥430, 30天累计售出88件,库存: 38,矿物质和微量元素
1058,Nutrend 诺特兰德 支链氨基酸强化弹药 500g,¥ 328,市场价：¥460, 30天累计售出2件,库存: 5,矿物质和微量元素
1058,Scivation Xtend支链氨基酸 1152克 西瓜味,¥ 398,市场价：¥684, 30天累计售出56件,库存: 7,矿物质和微量元素
1058,BIOX-PREMIUM/百欧克斯 卓越系列 支链氨基酸bcaa 蓝莓口味 30份,¥ 178,市场价：¥398, 30天累计售出56件,库存: 15,矿物质和微量元素
1058,Scivation Xtend支链氨基酸 1174克 葡萄味,¥ 398,市场价：¥684, 30天累计售出37件,库存: 42,矿物质和微量元素
1058,BPI复合肌酸 西瓜味 300克,¥ 158,市场价：¥158, 30天累计售出31件,库存: 79,矿物质和微量元素
1058,BPI复合肌酸 冰激凌味 300克,¥ 158,市场价：¥310, 30天累计售出31件,库存: 32,矿物质和微量元素
1058,Muscletech肌肉科技 高性能量子肌酸 原味 120份,¥ 198,市场价：¥599, 30天累计售出55件,库存: 79,矿物质和微量元素
1058,Muscletech肌肉科技白金肌酸粉400g,¥ 129,市场价：¥299, 30天累计售出65件,库存: 654,矿物质和微量元素
1058,EAS 麦普乐 纯肌酸 500克,¥ 158,市场价：¥328, 30天累计售出12件,库存: 10,矿物质和微量元素
1058,Muscletech肌肉科技 高性能量子肌酸 水果味 120份,¥ 198,市场价：¥599, 30天累计售出55件,库存: 59,矿物质和微量元素
1058,BPI支链氨基酸 西瓜味 300克,¥ 155,市场价：¥342, 30天累计售出29件,库存: 219,矿物质和微量元素
1058,Scivation X-tend支链氨基酸柠檬味 30份 390克,¥ 170,市场价：¥330, 30天累计售出56件,库存: 18,矿物质和微量元素
1058,Scivation Xtend支链氨基酸 1248克 蓝莓味,¥ 398,市场价：¥398, 30天累计售出26件,库存: 13,矿物质和微量元素
1058,BPI 支链氨基酸 蓝莓味 300克,¥ 155,市场价：¥155, 30天累计售出29件,库存: 175,矿物质和微量元素
1058,Allmax/奥麦斯支链氨基酸 1166g 菠萝芒果,¥ 452,市场价：¥998, 30天累计售出56件,库存: 29,矿物质和微量元素
1058,Scivation X-tend支链氨基酸葡萄味 30份 390克,¥ 170,市场价：¥330, 30天累计售出56件,库存: 9,矿物质和微量元素
1058,备赛套餐（ON增肌粉，ON锌镁威力素，BPI支链氨基酸，PS海德极限氮泵）,¥ 929,市场价：¥0, 30天累计售出1072件,库存: 99,矿物质和微量元素
1058,Nutrend 诺特兰德 支链氨基酸强化弹药 500g,¥ 328,市场价：¥460, 30天累计售出2件,库存: 5,矿物质和微量元素
1058,Muscletech肌肉科技白金谷氨酰胺粉300克,¥ 169,市场价：¥399, 30天累计售出37件,库存: 721,矿物质和微量元素
1058,BIOX-PREMIUM/百欧克斯 卓越系列 支链氨基酸bcaa 蓝莓口味 30份,¥ 178,市场价：¥398, 30天累计售出56件,库存: 15,矿物质和微量元素
1058,Muscletech肌肉科技高性能增肌粉 7磅 巧克力,¥ 349,市场价：¥988, 30天累计售出92件,库存: 514,矿物质和微量元素
1058,Muscletech肌肉科技 高性能增肌粉 7磅 草莓味,¥ 349,市场价：¥988, 30天累计售出92件,库存: 85,矿物质和微量元素
1058,Muscletech肌肉科技高性能增肌粉 7磅 香草味,¥ 349,市场价：¥527, 30天累计售出92件,库存: 88,矿物质和微量元素
1058,CPT康比特健肌粉二代 1.36kg,¥ 240,市场价：¥358, 30天累计售出13件,库存: 87,矿物质和微量元素
1058,备赛套餐（ON增肌粉，ON锌镁威力素，BPI支链氨基酸，PS海德极限氮泵）,¥ 929,市场价：¥0, 30天累计售出1072件,库存: 99,矿物质和微量元素
1058,My protein麦普特 麦普特 增肌粉 5kg 巧克力味,¥ 430,市场价：¥680, 30天累计售出12件,库存: 5,矿物质和微量元素
1058,ON 欧普特蒙 金牌健肌粉 香草冰激凌味 5磅,¥ 369,市场价：¥799, 30天累计售出91件,库存: 7,矿物质和微量元素
1058,MusclePharm 格斗XL增肌粉香草味 6磅,¥ 349,市场价：¥599, 30天累计售出54件,库存: 5,矿物质和微量元素
1058,CPT康比特健肌粉二代 2270g,¥ 340,市场价：¥480, 30天累计售出23件,库存: 81,矿物质和微量元素
1058,备赛套餐（ON增肌粉，ON锌镁威力素，BPI支链氨基酸，PS海德极限氮泵，PPR复合B族）,¥ 999,市场价：¥0, 30天累计售出1073件,库存: 99,矿物质和微量元素
1058,Metrx美瑞克斯 ZMA锌镁威力素胶囊 90粒,¥ 198,市场价：¥467, 30天累计售出50件,库存: 44,矿物质和微量元素
1058,Nutrend诺特兰德 刺蒺藜皂甙 120粒,¥ 288,市场价：¥389, 30天累计售出68件,库存: 11,矿物质和微量元素
1058,Metrx美瑞克斯 刺蒺藜皂甙 促血睾 90粒,¥ 139,市场价：¥199, 30天累计售出333件,库存: 18,矿物质和微量元素
1058,Muscletech肌肉科技高性能硬核刺蒺藜睾酮胶囊90粒,¥ 279,市场价：¥389, 30天累计售出65件,库存: 129,矿物质和微量元素
1058,PipingRock 左旋精氨酸 1000mg 120粒 （新老包装交替发货）,¥ 119,市场价：¥299, 30天累计售出44件,库存: 5,矿物质和微量元素
1058,Performix Super T巅峰男性睾酮--红魔 78粒,¥ 470,市场价：¥728, 30天累计售出186件,库存: 71,矿物质和微量元素
1058,Optimum欧普特蒙 ZMA锌镁威力素 180粒,¥ 229,市场价：¥299, 30天累计售出1017件,库存: 53,矿物质和微量元素
1058,Nutrend诺特兰德 T.r.t睾酮促进剂 120粒,¥ 288,市场价：¥389, 30天累计售出65件,库存: 8,矿物质和微量元素
1058,PipingRock 促睾刺蒺藜两倍含量 500mg 100粒 最后100瓶抢购,¥ 149,市场价：¥149, 30天累计售出1332件,库存: 107,矿物质和微量元素
1058,PipingRock 5种促睾配方 淫羊藿/MACA/精氨酸/刺蒺藜/育亨宾复合胶囊 100粒 最后40瓶抢购,¥ 149,市场价：¥149, 30天累计售出245件,库存: 22,矿物质和微量元素
1058,BPI涡轮氮泵 西瓜味 150克,¥ 205,市场价：¥358, 30天累计售出38件,库存: 40,矿物质和微量元素
1058,Cellucor细胞肌能氮泵 60份 草莓玛格丽特味,¥ 420,市场价：¥580, 30天累计售出55件,库存: 25,矿物质和微量元素
1058,Cobra Labs 眼镜蛇 诅咒氮泵 250克 蓝莓味,¥ 179,市场价：¥299, 30天累计售出420件,库存: 5,矿物质和微量元素
1058,Nutrend诺特兰德 N1氮泵 葡萄柚味 510克,¥ 199,市场价：¥398, 30天累计售出15件,库存: 54,矿物质和微量元素
1058,Cobra Labs 眼镜蛇 诅咒氮泵 250克 柠檬味,¥ 179,市场价：¥199, 30天累计售出114件,库存: 49,矿物质和微量元素
1058,Muscletech肌肉科技高性能次世代复合氮泵含肌酸 水果味 30份,¥ 189,市场价：¥398, 30天累计售出17件,库存: 56,矿物质和微量元素
1058,Cobra Labs 眼镜蛇 诅咒氮泵 250克 青苹果味,¥ 179,市场价：¥299, 30天累计售出120件,库存: 40,矿物质和微量元素
1058,Cellucor C4 细胞肌能氮泵 60份 冰蓝味,¥ 420,市场价：¥554, 30天累计售出45件,库存: 20,矿物质和微量元素
1058,PS海德极限氮泵 60次量 蓝莓覆盆子,¥ 429,市场价：¥998, 30天累计售出23件,库存: 97,矿物质和微量元素
1058,Allmax 奥麦斯 烈性氮泵 570克 西瓜味,¥ 270,市场价：¥365, 30天累计售出839件,库存: 0,矿物质和微量元素
1058,Performix SST巅峰减脂--蓝魔 60粒,¥ 390,市场价：¥649, 30天累计售出186件,库存: 94,矿物质和微量元素
1058,Muscletech肌肉科技精英脂肪杀手100粒,¥ 198,市场价：¥649, 30天累计售出42件,库存: 271,矿物质和微量元素
1058,Muscletech肌肉科技轻养黑金减脂胶囊60粒 美国版,¥ 299,市场价：¥649, 30天累计售出42件,库存: 92,矿物质和微量元素
1058,Nutrend 诺特兰德 生热减脂弹 60粒,¥ 299,市场价：¥480, 30天累计售出4件,库存: 48,矿物质和微量元素
1058,Metrx美瑞克斯 左旋肉碱营养片 180片,¥ 272,市场价：¥499, 30天累计售出44件,库存: 17,矿物质和微量元素
1058,Muscletech肌肉科技轻氧减脂瘦身 72粒,¥ 209,市场价：¥649, 30天累计售出42件,库存: 57,矿物质和微量元素
1058,MusclePharm FitMiss 共轭亚油酸60粒,¥ 169,市场价：¥399, 30天累计售出54件,库存: 23,矿物质和微量元素
1058,Muscletech肌肉科技次世代精英脂肪杀手 100粒/瓶,¥ 219,市场价：¥649, 30天累计售出242件,库存: 52,矿物质和微量元素
1058,Performix Iridium SSTI巅峰减脂--加强版 120粒,¥ 780,市场价：¥1099, 30天累计售出186件,库存: 74,矿物质和微量元素
1058,PipingRock 左旋精氨酸 1000mg 120粒 （新老包装交替发货）,¥ 119,市场价：¥299, 30天累计售出44件,库存: 5,矿物质和微量元素
1058,Quest 探索蛋白棒 12条 椰子腰果味,¥ 220,市场价：¥227, 30天累计售出145件,库存: 84,矿物质和微量元素
1058,Quest 探索蛋白薯片 8袋 酸奶油洋葱味,¥ 153,市场价：¥199, 30天累计售出36件,库存: 6,矿物质和微量元素
1058,[两盒装]日本原装Vegie 瘦身美容酵素 20份 果蔬味,¥ 238,市场价：¥458, 30天累计售出154件,库存: 60,矿物质和微量元素
1058,EAS麦普乐代餐包 20包 香草味,¥ 355,市场价：¥432, 30天累计售出78件,库存: 6,矿物质和微量元素
1058,麦麦侠 麦片 纤维包 600g/袋,¥ 59,市场价：¥59, 30天累计售出186件,库存: 100,矿物质和微量元素
1058,slimfast代餐奶昔饮料（草莓味）6x325ml,¥ 149,市场价：¥239, 30天累计售出1133件,库存: 100,矿物质和微量元素
1058,MusclePharm 格斗蛋白棒 巧克力花生酱味 64克*12根,¥ 221,市场价：¥330, 30天累计售出3件,库存: 28,矿物质和微量元素
1058,[四盒装]日本原装Vegie 瘦身美容酵素 20份 果蔬味,¥ 396,市场价：¥916, 30天累计售出154件,库存: 73,矿物质和微量元素
1058,日本原装井藤汉方植物酵素青汁20日分3gX20袋,¥ 99,市场价：¥286, 30天累计售出10件,库存: 97,矿物质和微量元素
1058,Quest 探索蛋白薯片 8袋 奶酪酸奶油味,¥ 153,市场价：¥199, 30天累计售出729件,库存: 10,矿物质和微量元素
1058,PipingRock 分离乳清零添加 544g 2桶装,¥ 299,市场价：¥498, 30天累计售出44件,库存: 20,矿物质和微量元素
1058,PipingRock 分离乳清零添加 544g,¥ 129,市场价：¥249, 30天累计售出44件,库存: 12,矿物质和微量元素
1058,GU 能量胶 黑莓味 24支/盒,¥ 240,市场价：¥399, 30天累计售出28件,库存: 8,矿物质和微量元素
1058,Muscletech肌肉科技白金支链氨基酸片 200粒,¥ 159,市场价：¥399, 30天累计售出38件,库存: 230,矿物质和微量元素
1058,GU 能量胶 意式咖啡味 24支/盒,¥ 240,市场价：¥399, 30天累计售出45件,库存: 8,矿物质和微量元素
1058,Performix SST巅峰减脂--蓝魔 60粒,¥ 390,市场价：¥649, 30天累计售出186件,库存: 94,矿物质和微量元素
1058,BPI支链氨基酸 西瓜味 300克,¥ 155,市场价：¥342, 30天累计售出29件,库存: 219,矿物质和微量元素
1058,Muscletech肌肉科技精英脂肪杀手100粒,¥ 198,市场价：¥649, 30天累计售出42件,库存: 271,矿物质和微量元素
1058,Muscletech肌肉科技轻养黑金减脂胶囊60粒 美国版,¥ 299,市场价：¥649, 30天累计售出42件,库存: 92,矿物质和微量元素
1058,Scivation X-tend支链氨基酸柠檬味 30份 390克,¥ 170,市场价：¥330, 30天累计售出56件,库存: 18,矿物质和微量元素
1058,Nutrend 诺特兰德 生热减脂弹 60粒,¥ 299,市场价：¥480, 30天累计售出4件,库存: 48,矿物质和微量元素
1058,Scivation Xtend支链氨基酸 1248克 蓝莓味,¥ 398,市场价：¥398, 30天累计售出26件,库存: 13,矿物质和微量元素
1058,BPI复合肌酸 西瓜味 300克,¥ 158,市场价：¥158, 30天累计售出31件,库存: 79,矿物质和微量元素
1058,BPI复合肌酸 冰激凌味 300克,¥ 158,市场价：¥310, 30天累计售出31件,库存: 32,矿物质和微量元素
1058,BPI涡轮氮泵 西瓜味 150克,¥ 205,市场价：¥358, 30天累计售出38件,库存: 40,矿物质和微量元素
1058,Muscletech肌肉科技高性能次世代复合氮泵含肌酸 水果味 30份,¥ 189,市场价：¥398, 30天累计售出17件,库存: 56,矿物质和微量元素
1058,备赛套餐（ON增肌粉，ON锌镁威力素，BPI支链氨基酸，PS海德极限氮泵）,¥ 929,市场价：¥0, 30天累计售出1072件,库存: 99,矿物质和微量元素
1058,Muscletech肌肉科技 高性能量子肌酸 水果味 120份,¥ 198,市场价：¥599, 30天累计售出55件,库存: 59,矿物质和微量元素
1058,Cellucor细胞肌能氮泵 60份 草莓玛格丽特味,¥ 420,市场价：¥580, 30天累计售出55件,库存: 25,矿物质和微量元素
1058,Allmax 奥麦斯 烈性氮泵 570克 西瓜味,¥ 270,市场价：¥365, 30天累计售出839件,库存: 0,矿物质和微量元素
1058,BIOX-PREMIUM 百欧克斯-卓越系谷氨酰胺粉,¥ 229,市场价：¥389, 30天累计售出1080件,库存: 5,矿物质和微量元素
1058,Nutrend诺特兰德 N1氮泵 黑加仑味 510克,¥ 199,市场价：¥398, 30天累计售出17件,库存: 69,矿物质和微量元素
1058,Metrx美瑞克斯 ZMA锌镁威力素胶囊 90粒,¥ 198,市场价：¥467, 30天累计售出50件,库存: 44,矿物质和微量元素
1058,PipingRock 辅酶Q10胶囊 200mg 90粒,¥ 139,市场价：¥269, 30天累计售出11件,库存: 25,矿物质和微量元素
1058,PiPingRock 益生菌胶囊 2mg 240粒,¥ 129,市场价：¥239, 30天累计售出18件,库存: 13,矿物质和微量元素
1058,PipingRock 欧米伽3鱼油胶囊（柠檬味）1200mg 120粒,¥ 149,市场价：¥149, 30天累计售出3件,库存: 45,矿物质和微量元素
1058,PiPingRock复合B族100维生素胶囊  100粒,¥ 99,市场价：¥189, 30天累计售出18件,库存: 11,矿物质和微量元素
1058,Muscletech肌肉科技 白金鱼油100粒,¥ 99,市场价：¥149, 30天累计售出3件,库存: 58,矿物质和微量元素
1058,GNC健安喜 3倍葡萄糖胺软骨素营养片600mg120粒/瓶,¥ 230,市场价：¥429, 30天累计售出17件,库存: 65,矿物质和微量元素
1058,schiff move free维骨力氨糖软骨素 修复关节疼痛软骨磨损骨质增生半月板损伤绿盒120粒,¥ 179,市场价：¥398, 30天累计售出17件,库存: 7,矿物质和微量元素
1058,Metrx美瑞克斯关节卫士 关节宝维骨素维骨力软骨素胶囊120粒,¥ 249,市场价：¥419, 30天累计售出5件,库存: 13,矿物质和微量元素
1058,PipingRock 十种营养关节氨糖软骨素 180片,¥ 179,市场价：¥269, 30天累计售出18件,库存: 4,矿物质和微量元素
1058,比戈跑步套餐,¥ 739,市场价：¥889, 30天累计售出8件,库存: 99,矿物质和微量元素
1058,GU 能量胶 黑莓味 24支/盒,¥ 240,市场价：¥399, 30天累计售出28件,库存: 8,矿物质和微量元素
1058,Muscletech肌肉科技白金支链氨基酸片 200粒,¥ 159,市场价：¥399, 30天累计售出38件,库存: 230,矿物质和微量元素
1058,Muscletech肌肉科技高性能增肌粉 7磅 巧克力,¥ 349,市场价：¥988, 30天累计售出92件,库存: 514,矿物质和微量元素
1058,BPI复合肌酸 西瓜味 300克,¥ 158,市场价：¥158, 30天累计售出31件,库存: 79,矿物质和微量元素
1058,Performix SST巅峰减脂--蓝魔 60粒,¥ 390,市场价：¥649, 30天累计售出186件,库存: 94,矿物质和微量元素
1058,Muscletech肌肉科技 高性能增肌粉 7磅 草莓味,¥ 349,市场价：¥988, 30天累计售出92件,库存: 85,矿物质和微量元素
1058,Muscletech肌肉科技白金乳清蛋白粉 5磅 香草味,¥ 430,市场价：¥430, 30天累计售出84件,库存: 38,矿物质和微量元素
1058,Nutrend 诺特兰德 生热减脂弹 60粒,¥ 299,市场价：¥480, 30天累计售出4件,库存: 48,矿物质和微量元素
1058,Muscletech肌肉科技高性能增肌粉 7磅 香草味,¥ 349,市场价：¥527, 30天累计售出92件,库存: 88,矿物质和微量元素
1058,BPI涡轮氮泵 西瓜味 150克,¥ 205,市场价：¥358, 30天累计售出38件,库存: 40,矿物质和微量元素
1058,Muscletech肌肉科技白金支链氨基酸片 200粒,¥ 159,市场价：¥399, 30天累计售出38件,库存: 230,矿物质和微量元素
1058,BPI支链氨基酸 西瓜味 300克,¥ 155,市场价：¥342, 30天累计售出29件,库存: 219,矿物质和微量元素
1058,Scivation X-tend支链氨基酸柠檬味 30份 390克,¥ 170,市场价：¥330, 30天累计售出56件,库存: 18,矿物质和微量元素
1058,Scivation Xtend支链氨基酸 1248克 蓝莓味,¥ 398,市场价：¥398, 30天累计售出26件,库存: 13,矿物质和微量元素
1058,BPI 支链氨基酸 蓝莓味 300克,¥ 155,市场价：¥155, 30天累计售出29件,库存: 175,矿物质和微量元素
1058,魔兽四核乳清蛋白粉 巧克力 5磅,¥ 468,市场价：¥589, 30天累计售出23件,库存: 95,矿物质和微量元素
1058,Allmax/奥麦斯支链氨基酸 1166g 菠萝芒果,¥ 452,市场价：¥998, 30天累计售出56件,库存: 29,矿物质和微量元素
1058,Nutrend 诺特兰德 支链氨基酸强化弹药 500g,¥ 328,市场价：¥460, 30天累计售出2件,库存: 5,矿物质和微量元素
1058,跑能训练饮200克 10支装 橘子味,¥ 80,市场价：¥160, 30天累计售出2件,库存: 95,矿物质和微量元素
1058,Muscletech肌肉科技高性能强化型次世代支链氨基酸bcaa 50份,¥ 359,市场价：¥699, 30天累计售出38件,库存: 56,矿物质和微量元素
1058,Muscletech肌肉科技白金乳清蛋白粉 5磅 香草味,¥ 430,市场价：¥430, 30天累计售出84件,库存: 38,矿物质和微量元素
1058,Muscletech肌肉科技 白金乳清蛋白粉 5磅 巧克力味,¥ 430,市场价：¥430, 30天累计售出88件,库存: 38,矿物质和微量元素
1058,slimfast巧克力味代餐粉450g,¥ 119,市场价：¥189, 30天累计售出1139件,库存: 98,矿物质和微量元素
1058,slimfast代餐奶昔饮料（咖啡味）6x325ml,¥ 149,市场价：¥239, 30天累计售出1132件,库存: 100,矿物质和微量元素
1058,魔兽ISO分离乳清蛋白粉  巧克力布朗尼口味 5磅,¥ 588,市场价：¥698, 30天累计售出23件,库存: 99,矿物质和微量元素
1058,Nutrend 诺特兰德 等渗运动饮料粉 420g,¥ 320,市场价：¥480, 30天累计售出3件,库存: 53,矿物质和微量元素
1058,Muscletech肌肉科技白金谷氨酰胺粉300克,¥ 169,市场价：¥399, 30天累计售出37件,库存: 721,矿物质和微量元素
1058,slimfast香蕉味代餐粉438g,¥ 119,市场价：¥189, 30天累计售出1135件,库存: 99,矿物质和微量元素
1058,魔兽四核乳清蛋白粉 巧克力 5磅,¥ 468,市场价：¥589, 30天累计售出23件,库存: 95,矿物质和微量元素
1058,PipingRock 分离乳清零添加 544g,¥ 129,市场价：¥249, 30天累计售出44件,库存: 12,矿物质和微量元素
1058,Fitmark 健身餐包 淡紫色 大号,¥ 399,市场价：¥586, 30天累计售出24件,库存: 11,矿物质和微量元素
1058,健盒子 抽绳包 黑,¥ 29,市场价：¥39, 30天累计售出38件,库存: 97,矿物质和微量元素
1058,契健RAWNESS纯银满钻杠铃锁骨链-施华洛世奇白钻,¥ 799,市场价：¥1099, 30天累计售出28件,库存: 100,矿物质和微量元素
1058,契健RAWNESS拳套项链-纯银磨砂面款,¥ 785,市场价：¥1299, 30天累计售出14件,库存: 100,矿物质和微量元素
1058,契健RAWNESS钛钢哑铃项链-镀白金女款,¥ 589,市场价：¥1099, 30天累计售出14件,库存: 100,矿物质和微量元素
1058,契健RAWNESS钛钢哑铃项链-银色男款,¥ 489,市场价：¥689, 30天累计售出14件,库存: 100,矿物质和微量元素
1058,BIGMAN拆卸哑铃项链 黑色,¥ 339,市场价：¥589, 30天累计售出18件,库存: 100,矿物质和微量元素
1058,契健RAWNESS哑铃军牌钛钢银色项链,¥ 599,市场价：¥789, 30天累计售出38件,库存: 100,矿物质和微量元素
1058,契健RAWNESS拳套项链-钛钢黑色,¥ 489,市场价：¥1099, 30天累计售出14件,库存: 100,矿物质和微量元素
1058,契健RAWNESS切边29mm杠铃片项链-18k金镶施华洛世奇白钻,¥ 489,市场价：¥889, 30天累计售出14件,库存: 100,矿物质和微量元素
1058,NUTRIMAX优追麦克斯 28日坚果 核桃、蓝莓、榛仁、腰果仁、杏仁、蔓越莓、南瓜子仁,¥ 121,市场价：¥196, 30天累计售出1251件,库存: 67,矿物质和微量元素
1058,slimfast代餐奶昔饮料（咖啡味）6x325ml,¥ 149,市场价：¥239, 30天累计售出1132件,库存: 100,矿物质和微量元素
1058,吖眯鸡胸肉香肠 烟熏味 50g*2根/包 共10包 （冷链发货）,¥ 100,市场价：¥100, 30天累计售出1088件,库存: 91,矿物质和微量元素
1058,麦麦侠 麦片 健仕包 600g/袋,¥ 59,市场价：¥59, 30天累计售出186件,库存: 25,矿物质和微量元素
1058,OVORA 零咖烘焙专用喷雾脱模油 200ml,¥ 45,市场价：¥119, 30天累计售出117件,库存: 100,矿物质和微量元素
1058,NUTRIMAX优追麦克斯 鸡胸肉 黑胡椒 80g 一天3包 3天试用装 共9包,¥ 67,市场价：¥99, 30天累计售出1084件,库存: 42,矿物质和微量元素
1058,麦麦侠 麦片 纤维包 600g/袋,¥ 59,市场价：¥59, 30天累计售出186件,库存: 100,矿物质和微量元素
1058,NUTRIMAX优追麦克斯 鹿肉 孜然味 120g 1天1包 10天体验装 共10包,¥ 303,市场价：¥398, 30天累计售出1018件,库存: 99,矿物质和微量元素
1058,NUTRIMAX优追麦克斯 鸡胸肉 原味 80g 一天3包 10天体验装 共30包,¥ 221,市场价：¥398, 30天累计售出1028件,库存: 83,矿物质和微量元素
1058,slimfast香蕉味代餐粉438g,¥ 119,市场价：¥189, 30天累计售出1135件,库存: 99,矿物质和微量元素
1058,Metrx美瑞克斯 ZMA锌镁威力素胶囊 90粒,¥ 198,市场价：¥467, 30天累计售出50件,库存: 44,矿物质和微量元素
1058,PiPingRock复合B族100维生素胶囊  100粒,¥ 99,市场价：¥189, 30天累计售出18件,库存: 11,矿物质和微量元素
1058,诺特兰德 复合维生素胶囊 60粒,¥ 249,市场价：¥199, 30天累计售出3件,库存: 35,矿物质和微量元素
1058,Optimum欧普特蒙 ZMA锌镁威力素 180粒,¥ 229,市场价：¥299, 30天累计售出1017件,库存: 53,矿物质和微量元素
1058,Muscletech肌肉科技白金多种维生素90片,¥ 119,市场价：¥199, 30天累计售出3件,库存: 133,矿物质和微量元素
1058,Muscletech肌肉科技 白金鱼油100粒,¥ 99,市场价：¥149, 30天累计售出3件,库存: 58,矿物质和微量元素
1058,Optimum欧普特蒙 ZMA锌镁威力素 180粒,¥ 229,市场价：¥299, 30天累计售出1017件,库存: 53,矿物质和微量元素
1058,诺特兰德 复合维生素胶囊 60粒,¥ 249,市场价：¥199, 30天累计售出3件,库存: 35,矿物质和微量元素
1058,PiPingRock 益生菌胶囊 2mg 240粒,¥ 129,市场价：¥239, 30天累计售出18件,库存: 13,矿物质和微量元素
1058,PipingRock 左旋精氨酸 1000mg 120粒 （新老包装交替发货）,¥ 119,市场价：¥299, 30天累计售出44件,库存: 5,矿物质和微量元素
1058,Muscletech肌肉科技白金多种维生素90片,¥ 119,市场价：¥199, 30天累计售出3件,库存: 133,矿物质和微量元素
1058,PipingRock 辅酶Q10胶囊 200mg 90粒,¥ 139,市场价：¥269, 30天累计售出11件,库存: 25,矿物质和微量元素
1058,Nutrend诺特兰德 T.r.t睾酮促进剂 120粒,¥ 288,市场价：¥389, 30天累计售出65件,库存: 8,矿物质和微量元素
1058,PipingRock 褪黑素营养片 10mg 120粒,¥ 89,市场价：¥89, 30天累计售出18件,库存: 13,矿物质和微量元素
1058,PipingRock 促睾刺蒺藜两倍含量 500mg 100粒 最后100瓶抢购,¥ 149,市场价：¥149, 30天累计售出1332件,库存: 107,矿物质和微量元素
1058,PipingRock 5种促睾配方 淫羊藿/MACA/精氨酸/刺蒺藜/育亨宾复合胶囊 100粒 最后40瓶抢购,¥ 149,市场价：¥149, 30天累计售出245件,库存: 22,矿物质和微量元素
