name,price,selledTotal
BPI BCAA支链氨基酸 300g 健身减脂增健肌粉促恢复原装进口bcaa,140.00,2804
健身水壶 2.2L升大容量运动水壶 奶昔杯便携水杯 摇摇杯蛋白粉,28.80,2472
Nutrovape可吸入式咖啡因能量棒提神高注意力 助眠烟安神1支鹰牌,50.00,2601
品牌健身水壶 2.2L升大容量运动水壶 便携水杯 摇摇杯蛋白粉,38.00,2028
BPI BCAA支链氨基酸 600g 健身减脂增肌 促恢复原装进口粉60份,246.00,2248
优追麦克斯鸡胸肉健身即食真空 少脂增肌健身代餐鸡肉150g*6包,59.80,2433
肌肉科技白金左旋肉碱胶囊片咖啡顽固性180粒瘦健身燃减脂肥,159.00,2384
Cobra Labs眼镜蛇邪恶诅咒氮泵 运动补剂健身补剂 肌酸粉增肌粉,121.00,2102
美国进口BPI Sports Protein分离乳清蛋白粉5磅健身增健肌粉,368.00,1139
BPI Best Glutamine 谷氨酰胺 400g 50份 健身增健肌 缓解酸痛粉,147.60,659
MRM CLA共轭亚油酸减脂胶囊180粒健身运动控抑制食欲 1250 cla,125.00,635
美国眼镜蛇诅咒减脂氮泵 The Ripper剪刀手开膛手 减脂肥控制食欲,122.00,652
SciVation xtend bcaa支链氨基酸 谷氨酰胺 二合一30/90份,155.00,518
美国进口肌肉科技白金支链氨基酸BCAA200粒 增肌防肌肉分解缓疲劳,137.80,511
优追麦克斯NUTRIMAX低热高蛋白鸡胸肉鹿肉牛肉健身代餐开袋即食,7.00,3922
欧普特蒙蛋白棒能量棒健身代餐低卡跑步运动高蛋白低热量早餐零食,78.00,1871
SciVation xtend bcaa支链氨基酸 谷氨酰胺二合一 90份xtend,308.00,541
肌肉科技减脂精英脂肪杀手100粒胶囊次世二代绿咖啡 超 左旋肉碱,156.00,568
超眼镜蛇诅咒 美国金属cellucor C4氮泵30/60份次195g健身配肌酸,177.80,474
ON 欧普特蒙乳清蛋白粉健美健身增重 Optimum WHEY健身增肌粉 5磅,228.00,526
瘦健身减脂肥Quest Bar 肌肉科技 MP蛋白棒威化 代餐棒 能量棒,58.00,1351
BPI 混合肌酸 肌酸粉增肌健身粉增长肌肉增加耐力爆发力,146.00,440
美国进口 肌肉科技 whey 乳清蛋白粉5磅6磅 袋装 健身增健肌粉,300.00,384
美国进口肌肉科技谷氨酰胺粉健身 白金谷氨酰胺加速肌肉恢复300克,121.60,280
肌肉科技白金全谱维他命片90粒至纯 复合维生素VITAMIN 原装进口,96.00,245
美国含褪黑素BPI NITE-BURN夜间减脂辅助睡眠瘦健身减脂胶囊30粒,138.00,389
MP蛋白棒代餐饱腹能量棒运动户外瘦健身MusclePharm高蛋白质零食,13.80,1370
炽天使Nutrex Lipo6 Black 炽天使减脂肥胶囊黑色版60粒美国,156.00,258
creactor 肌肉科技肌酸量子健身增肌粉爆发力耐力 复合盐酸肌酸粉,119.00,268
肌肉科技正氮蛋白粉分离乳清蛋白粉金装健身增健肌粉肌酸4/6磅重,148.00,358
ALLMAX ISOFLEX 低碳水浓缩分离乳清蛋白粉健身减脂增健肌粉5磅,538.00,305
优追麦克斯鸡胸肉健身即食真空少脂增肌健身代餐鸡肉 80g*10,67.00,356
BPI粉盒 蛋白粉盒子4层便携收纳药盒 健身补剂盒漏斗分装盒胶囊盒,38.00,310
优形鸡胸肉健身塑型增肌代餐电烤蒸煮优型鸡胸肉鸡肉丁 6片起包邮,9.90,1971
优追麦克斯鸡胸肉健身即食真空 低盐专业款健身代餐鸡肉 120g*15,114.80,239
优追麦克斯鸡胸肉健身即食真空包装少脂增肌健身代餐鸡150g*6包,59.80,176
美国原装 美瑞克斯乳清蛋白粉5/2磅 健身增健肌粉蛋白质增肌粉,128.00,179
临其特价 BSN Carnitine DNA左旋肉碱 运动塑形减脂 美国进口60粒,29.00,106
BPI促睾酮素 A-HD精子活力促睾雄男性激素备孕健身增肌减脂,138.00,213
美国正品 BSN乳清蛋白粉5磅whey syntha-6重矩阵缓释健身增健肌粉,348.00,332
美国现货 肌肉科技肌酸400g健身 增肌粉爆发力耐力 氮泵白金肌酸,128.00,275
绿色通道 订单异常关闭专拍 原定单总额多少 拍多少 邮费链接,1.00,77276
现货美国GNC健安喜蓝魔Performix SST减脂胶囊顽固型,410.00,199
shadow眼镜蛇氮泵诅咒邪恶 幽灵氮泵增肌塑型浓缩烈性氮30次,166.00,181
SMARTSHAKE签名摇摇杯蛋白粉酵素奶昔杯运动健身水杯搅拌旋风摇杯,35.00,140
优追麦克斯鸡胸真空速食高蛋白健身代餐 即食鸡胸肉150g*8袋,77.80,161
九种口味 Power crunch蛋白棒低卡威化高蛋白代餐棒能量棒瘦健身,13.80,1092
美国ON欧普特蒙睾酮素ZMA锌镁威力素促睾丸酮素雄性激素备孕胶囊,129.00,182
ON欧普特蒙BCAA支链氨基酸胶囊400粒颗 健身塑形增肌加速肌肉合,216.00,178
MP乳清蛋白粉阿诺德战斗格斗泵铁增健肌粉4/5磅Whey重缓释蛋白粉,198.00,210
欧普特蒙肌酸粉 一水肌酸粉增重粉健肌粉健身增肌耐力恢复300g,75.00,162
ON欧普特蒙BCAA支链氨基酸胶囊200粒颗 健身塑形增肌加速肌肉合,129.80,126
Muscletech肌肉科技 蛋白棒 代餐棒  能量棒瘦健身减脂运动高蛋白,10.80,1052
MUSCLETECH/麦斯泰克肌肉科技零度分离乳清蛋白粉4磅重增肌健身粉,406.00,96
Quest Chip bar21g 乳清蛋白减脂肥代餐薯片增肌健身零食粉非油炸,18.80,256
吖眯鸡胸肉香肠100g早餐香肠高蛋白零食健身低卡火腿肠营养代餐,10.00,1011
官方授权 ALLMAX classica whey 经典乳清蛋白粉5磅 健身增健肌粉,328.00,147
muscletech肌肉科技白金乳清蛋白粉5磅健身增健肌粉重 盈奥防伪,448.00,199
Muscle Milk乳清蛋白饮料代餐奶昔减脂减重健身液体乳清粉 414ml,36.00,239
美国进口 美瑞克斯赛霸size up 6磅增肌粉 健身增重乳清蛋白粉,258.00,109
全新日期 美瑞克斯左旋肉碱顽固型180粒胶囊片 瘦健身燃减脂肪肥,208.00,167
Muscletech肌肉科技增肌粉7磅健身增重乳清蛋白粉 增健肌粉,378.00,174
SMARTSHAKE签名摇摇杯运动水杯蛋白粉健身摇杯 酵素奶昔杯子,35.00,64
BPI Sports Bulk Muscle Mass增肌粉5.8磅 复合含乳清蛋白质,338.00,103
ON欧普特蒙增肌粉 增肌健身粉乳清蛋白粉增健肌粉瘦人增重粉6磅,267.00,102
欧普特蒙促睾刺蒺藜皂甙天然雄性激素酮素加速剂100粒增肌胶囊,118.00,72
美国进口 Schiff Move Free氨糖维骨力氨基葡萄糖MSM 120粒 绿盒,118.00,147
DEDICATED肌终主义HEADSHOT液体氮泵 增肌体验全新泵感 12*60ml,19.80,133
ProSupps PS 海德氮泵30份N1增强爆发力增健肌粉 盈奥防伪,199.00,108
BPI高蛋白蛋白棒补充能量代餐棒低糖低卡高蛋白运动户外健身代餐,14.60,215
BPI健身水杯蛋白粉摇摇杯刻度户外运动杯搅杯拌塑料杯奶昔杯500ml,24.00,59
美国Cyclone Cup蛋白粉摇摇杯奶昔杯蛋白粉摇杯带刻度带粉盒,108.00,54
Oh Yeah蛋白棒威化 代餐棒能量棒低卡零食代餐早餐 瘦健身减脂肥,13.80,552
美瑞克斯关节卫士 关节宝维骨素维骨力软骨素胶囊美国进口120粒,178.00,63
Muscletech Amino 肌肉科技 全谱氨基酸复合BCAA 支链氨基酸粉,149.00,66
肌肉科技乳清蛋白质粉  bpi支链氨基酸 C4氮泵 减脂精英 试用装,9.80,132
DEDICATED肌终主义DOMINATE雄霸促睾睾酮增肌素180粒原装进口,328.00,82
DEDICATED健身水杯蛋白粉摇摇杯带刻度运动杯搅杯拌塑料杯奶昔杯,28.00,53
justines蛋白棒蛋白饼代餐减脂增肌无糖低卡瘦健身零食蛋白曲奇,15.00,74
ON欧普特蒙Melatonin褪黑素片天然促睡眠100粒安助睡眠片,55.00,50
Bpi 1MR浓缩涡轮氮泵 健身运动补剂 增肌增强耐50份 美国进口,145.80,52
优追麦克斯系列产品礼盒 健身代餐鸡胸肉牛肉鹿肉蛋清坚果 17包,238.00,37
ProSupps My Bar高蛋白代餐棒减脂增肌蛋白棒运动户外瘦健身零食,19.80,78
现货美国 sweet sweat 瘦健身腰带 收腹带 马甲线速成运动减,206.00,29
DEDICATED肌终主义RE-GROW重生之素夜间睡眠瘦健身燃减胶囊90粒,168.00,66
ON 欧普特蒙Opti-Men 男士全谱维他命90粒 美国复合维生素 现货,145.80,46
现货进口 优恩分离乳清蛋白粉健身增肌 减脂瘦人美国un蛋白粉5磅,448.00,33
零咖Ovora喷雾食用初榨橄榄油不粘PAM喷锅油低油控脂肪200ml,49.90,59
美国bpi减脂支链氨基酸best BCAA SHREDDED防止肌肉分解25份含CLA,159.00,27
纽持健NutraKey 液体左旋肉碱口服液 减脂瘦健身塑形 顽固型,168.00,55
新包装ALLMAX BCAA Nutrition AminoCore增强支链氨基酸 增肌减脂,360.00,46
美国进口 Allmax Allwhey Gold 5磅 乳清蛋白粉 肌酸增重健身,398.00,27
Muscletech/麦斯泰克 肌肉科技白金鱼油胶囊100粒,98.00,39
美国BPI Sports  NITE-BURN B4日间减脂刮刀30粒瘦健身控制体重,139.80,47
ProSupps My COOKIE高蛋白代餐曲奇饼干减脂增肌蛋白棒瘦健身零食,25.00,48
美国进口 Quest 乳清蛋白粉健身增肌粉 旅行装12袋/盒 6种口味,14.80,41
MP BCAA支链氨基酸 健身塑形增肌运动加速肌肉合成30份 美国进口,135.00,21
Muscletech/麦斯泰克 肌肉科技缓释蛋白粉健身增健肌粉 盈奥防伪,338.00,27
Sweat减脂膏瘦健身减脂健身涂抹霜180g,230.00,19
DEDICATED肌终主义BCAA支链氨基酸345g健身增肌加速合成缓解劳累,188.00,47
DEDICATED肌终主义UNSTOPPABLE无止氮泵30份增肌减脂提高耐力,168.00,30
on欧普特蒙乳清蛋白粉 健美健身增重粉增肌粉1磅袋装美国进口,138.00,27
欧普特蒙ON OPTIMUM 官方原装摇杯 蛋白粉摇杯 增肌粉专用摇杯,38.00,14
muscletech肌肉科技轻氧绿茶减脂素 植物安全hydroxycut 美国原装,98.00,23
DEDICATED肌终主义EPIC史诗肌酸粉增肌健身耐力爆发力,198.00,29
ON whey欧普特蒙乳清蛋白粉健身增肌粉瘦人减脂塑型 2磅美国进口,228.00,22
Fat Gripz 硅胶哑铃握把杠铃握套 健身机械握把套手臂轰炸机,50.00,27
美国进口Nutrex Lipo-6 CLA炽天使共轭亚油酸cla减脂胶囊180粒,168.00,36
摇摇杯蛋白粉 不锈钢摇杯 健身运动水杯旋风奶昔杯耐摔不锈钢杯,59.00,23
美国进口mp格斗缓释乳清蛋白粉健身增肌粉瘦人持续增加能量2/4磅,308.00,35
SuperBar可吸入式咖啡因能量棒提神高注意力 助眠烟安神 顺丰包邮,45.00,6
MP增肌粉 格斗缓释增健肌粉美国乳清蛋白粉健身增重粉蛋白质粉6磅,299.00,18
美国进口BPI Sports Roxylean减脂胶囊减脂瘦控制食欲减重塑性,132.80,29
on欧普特蒙谷氨酰胺美国进口GLUTAMINE粉增肌粉健身粉300g,165.00,25
现货cellucor c4氮泵健身 减脂运动补剂 瘦减脂 含左旋肉碱180g,198.00,26
美国进口现货 MHP up your mass无极蛋白粉健身增肌粉瘦人4.7磅,268.00,24
现货美国GNC健安喜Performix SST glow女性减脂胶囊60粒,410.00,26
DEDICATED肌终主义FUSION PRO超混合蛋白粉健身增健肌粉,398.00,20
FitJoy蛋白棒能量棒健身代餐低卡跑步运动高蛋白低热量早餐零食,19.90,48
BPI高纯肌酸粉600克一水肌酸健身增肌粉提高爆发力增耐力120份,198.00,25
美国进口 现货美国GNC Performix SST v2X减脂120粒黑魔胶囊,468.00,37
肌肉科技 减脂饮健身减脂Power crunch蛋白奶昔代餐奶昔管理体重,35.00,28
MP肌酸 一水肌酸 增肌健身粉增加耐力爆发300g超纯肌酸配合氮泵,128.00,26
BPI PUMP-HD 无咖啡因氮泵 健身运动补剂 增力扩血管增强爆发25份,188.00,20
零咖Ovora喷雾食用油葵花籽油喷锅油不粘锅PAM低油控脂肪200ml,34.90,25
美国原装现货炽天使Nutrex LIPO6 BLACK黑色减脂胶囊120粒,219.00,18
GNC健安喜男性促睾促性能增肌美国Performix Super T胶囊78粒,470.00,25
美国GNC健安喜Performix SSTi 突破减脂专用瘦健身增强版60粒,450.00,14
saltstick salt stick盐丸 运动电解质  防肌肉抽筋,9.90,9
美国原装正品ALLMAX GLUTAMINE高纯度谷氨酰胺修复肌肉酸痛1000克,288.00,19
DEDICATED肌终主义ENIGMA肌因之谜基因突破增强素50粒,368.00,13
DYMATIZE狄马泰斯 迪马泰斯ISO100健身增肌水解分离乳清蛋白粉5磅,545.00,11
RSP REGEN BCAA支链氨基酸健身增肌加速肌肉合成 防肌肉流失30份,115.00,17
MP 谷氨酰胺粉 增肌粉增重蛋白粉对拒绝酸痛 促恢复氨基酸300g,128.00,29
ALLMAX CASEIN胶束缓释酪蛋白粉2磅睡眠乳清蛋白粉健身增肌代餐粉,238.00,5
ON欧普特蒙高蛋白增肌粉 健身瘦人成人增重 5磅美国进口,368.00,15
盈奥防伪 麦斯泰克 肌肉科技绿咖啡减脂精英胶囊70粒健身脂肪杀手,198.00,32
DEDICATED肌终主义IG-ONE营养物再分配素50粒,188.00,10
美国FitMark the box饮食管理包 健美健身便携餐包带摇杯冰袋,158.00,9
BB网摇摇杯蛋白粉奶昔摇摇杯健身运动水杯户外运动搅拌杯700ml,23.90,16
泵铁肌酸粉 健身 增肌 爆发力 耐力 126g,159.00,5
DEDICATED肌终主义PACK营养素维生素矿物质营养包,288.00,7
炽天使黑色专业女性减脂浓缩胶囊LIPO6 BLACK HERS 120粒现货包邮,249.00,14
美国进口 Allmax QuickMAss 专业增肌粉 健身增肌增重12磅,489.00,7
积分兑换赠品 积分兑换赠品专用链接,20.00,7
美国 Cellucor 乳清蛋白粉健身健美增肌塑形增肌粉,188.00,4
BSN健身增肌粉瘦人 真霸增肌增重蛋白粉 乳清蛋白粉美国进口2640g,290.00,16
DEDICATED肌终主义GAINZ增肌粉乳清蛋白粉健身增健肌粉,488.00,11
mhp传奇氮泵增强素 支持力量促进恢复进口精氨酸氮泵增强剂,215.00,0
PS-L-Carnitine 左旋肉碱液体浓度3000瘦健身塑形473ml美国进口,299.00,12
零咖金装喷雾橄榄油初榨橄榄油喷锅PAM油低油控脂肪200ml,59.90,12
GU Energy Gel 能量胶 液体能量棒 马拉松 跑步能量补给,8.50,31
Nutrex Lipo-6 Carnitine 炽天使左旋肉碱 减脂瘦健身胶囊120粒,158.00,7
美国进口ProSupps BCAA海德细胞修复支链氨基酸 防止肌肉分解30份,199.00,5
美国 Sweet Sweat减脂塑型腿带 健身减脂瘦健身减大象腿运动腿带,266.00,3
Care澳洲黑蜂胶天然软胶囊   365粒,118.00,7
美国进口 BPI PURE GLUTAMINE纯谷氨酰胺 健身增肌240粒/瓶,138.00,10
prosupps PS ps纯谷氨酰胺粉300克美国原装进口谷氨酰胺增健 缓痛,199.00,8
Nutrex Research美国进口炽天使黑色加强版60粒健康瘦女士专,198.00,8
MP氮泵肌酸增加力量 泵铁增肌粉30份增肌健身肌粉 增加爆发力345g,158.00,5
SciVation Xtend  bcaa支链氨基酸健身补剂  防分解黑色升级 44份,268.00,7
gre3n椰子水 泰国健康运动饮料无添加椰青水 进口 330ml,14.90,33
美国Blender Bottle蛋白粉奶昔摇摇杯健身运动水杯户外三层搅拌杯,85.00,6
美国进口 Nutrex Research Lipo-6 RX 减脂瘦健身胶囊炽天使 60粒,259.00,4
Cellucor Fish Oil鱼油胶囊 90粒 软化血管 健康,168.00,0
ProSupps PS WHEY 乳清蛋白粉增肌粉健身增健肌粉 2磅4磅蛋白粉,449.00,0
AllMAX Creatine HCl未来盐酸肌酸胶囊无冲击期 提高爆发力90粒,98.00,4
Nutrex Lipo-6 Carnitine 炽天使咖啡因胶囊 搭配左旋肉碱  60粒,99.00,7
Cellucor C4 untimate 氮泵爆炸性泵感 健身加强提升力量型20份,328.00,2
纽持健NutraKey鹿茸促睾酮素胶囊 刺蒺藜皂甙 增肌 雄性激素 备孕,258.00,4
Muscletech/肌肉科技白金乳清蛋白粉1磅健身增健肌 盈奥防伪,199.00,8
Muscle Milk 氨基酸粉健身 400g/桶 美国进口,169.00,1
mhp传奇氮泵增强胶囊 60粒运动补剂健身补剂 超精氨酸氮泵胶囊,240.00,3
MHP Maximum Whey 精炼乳清蛋白粉  健身增肌粉美国进口5磅,369.00,3
海德PS纯肌酸粉ProSupps一水肌酸粉增加力量 爆发力 耐力 300克,199.00,3
美国Cellucor缓释蛋白酪蛋白粉健身增肌粉2磅,268.00,5
Nutrimax优追麦克斯复谷代餐粉奶昔饱腹果蔬粉膳食纤维营养蛋白粉,99.00,2
Cellucor Alpha Amino 全谱氨基酸复合BCAA 支链氨基酸粉 30份,198.00,1
Cellucor Creatine 一水肌酸粉增重粉健肌粉健身增肌耐力恢复72份,198.00,0
Cellucor细胞肌能 Super HD多植物复合fat burning 减脂胶囊60粒,228.00,0
MHP乳清蛋白粉 水解矩阵蛋白粉 蛋白质粉增健肌850g健身增肌,195.00,0
MHP鲁莽的氮泵 168g提高爆发力蛋白粉健身增肌粉,240.00,0
MHP支链氨基酸-XL 300g 健身减脂增肌粉促恢复原装进口,185.00,0
Muscle Milk 低脂乳清蛋白粉 增肌健身 2240克/桶 美国进口,499.00,0
Muscle Milk 氨基酸健身能量粉混合水果味600克/瓶,338.00,0
Muscle Milk劲胜美刻乳清蛋白粉增肌粉 瘦人增重 运动健身补剂5磅,499.00,0
美国进口AllmaxHexapro六重矩阵缓释蛋白粉健身减脂增肌粉5.5磅,450.00,2
Cellucor 金属 谷氨酰胺 Glutamine 防止肌肉分解加速肌肉恢复,198.00,2
MHP Probolic-sr蛋白质粉增肌健身 超长12小时缓释 蛋白供给 4磅,369.00,4
MHP支链氨基酸ENERGY 健身增肌粉促进肌肉恢复300克,185.00,1
Muscle Milk肌酸粉健身 增强爆发力热带水果味 美国进口,169.00,1
Muscle Milk 乳清蛋白粉健身增肌粉 1.93磅 美国进口,288.00,1
Muscle Milk乳清蛋白粉增肌粉健身瘦人增重低脂高蛋白美国进口5磅,399.00,1
Cobra眼镜蛇amino全普复合支链氨基酸30份 加速肌肉修复 缓解酸,168.00,2
美国Cellucor增肌粉5磅健身增重蛋白质增肌粉,338.00,3
SlimQuick 果味减脂软糖儿茶素控制食欲减脂促进代谢美国进口,166.00,2
GNC健安喜Performix STIMFREE健身减脂胶囊安全温和78粒美国进口,370.00,2
ProSupps海德3效平衡减脂素 瘦健身燃减脂肪 平衡减脂享瘦90粒,299.00,0
